indicator,release_ts,actual,consensus,source
nfp,1704461400,216.0,170.0,investing-via-fred-events
unemployment,1704461400,3.7,3.8,investing-via-fred-events
cpi,1704979800,3.4,3.2,investing-via-fred-events
ism,1706799600,49.1,47.4,mql5
nfp,1706880600,353.0,187.0,investing-via-fred-events
unemployment,1706880600,3.7,3.8,investing-via-fred-events
cpi,1707831000,3.1,2.9,investing-via-fred-events
ism,1709305200,47.8,48.0,mql5
nfp,1709904600,275.0,198.0,investing-via-fred-events
unemployment,1709904600,3.9,3.7,investing-via-fred-events
cpi,1710246600,3.2,3.1,investing-via-fred-events
ism,1711980000,50.3,47.7,mql5
nfp,1712320200,303.0,212.0,investing-via-fred-events
unemployment,1712320200,3.8,3.9,investing-via-fred-events
cpi,1712752200,3.5,3.4,investing-via-fred-events
ism,1714572000,49.2,48.5,mql5
nfp,1714739400,175.0,238.0,investing-via-fred-events
unemployment,1714739400,3.9,3.8,investing-via-fred-events
cpi,1715776200,3.4,3.4,investing-via-fred-events
ism,1717423200,48.7,49.2,mql5
nfp,1717763400,272.0,182.0,investing-via-fred-events
unemployment,1717763400,4.0,3.9,investing-via-fred-events
cpi,1718195400,3.3,3.4,investing-via-fred-events
ism,1719842400,48.5,49.2,mql5
nfp,1720182600,206.0,191.0,investing-via-fred-events
unemployment,1720182600,4.1,4.0,investing-via-fred-events
cpi,1720701000,3.0,3.1,investing-via-fred-events
ism,1722520800,46.8,49.4,mql5
nfp,1722601800,114.0,176.0,investing-via-fred-events
unemployment,1722601800,4.3,4.1,investing-via-fred-events
cpi,1723638600,2.9,3.0,investing-via-fred-events
ism,1725285600,47.2,48.6,mql5
nfp,1725625800,142.0,164.0,investing-via-fred-events
unemployment,1725625800,4.2,4.2,investing-via-fred-events
cpi,1726057800,2.5,2.5,investing-via-fred-events
ism,1727791200,47.2,48.6,mql5
nfp,1728045000,254.0,147.0,investing-via-fred-events
unemployment,1728045000,4.1,4.2,investing-via-fred-events
cpi,1728563400,2.4,2.3,investing-via-fred-events
nfp,1730464200,12.0,106.0,investing-via-fred-events
unemployment,1730464200,4.1,4.1,investing-via-fred-events
ism,1730469600,46.5,48.0,mql5
cpi,1731504600,2.6,2.6,investing-via-fred-events
ism,1733151600,48.4,46.9,mql5
nfp,1733491800,227.0,202.0,investing-via-fred-events
unemployment,1733491800,4.2,4.2,investing-via-fred-events
cpi,1733923800,2.7,2.7,investing-via-fred-events
ism,1735916400,49.3,48.1,mql5
nfp,1736515800,256.0,164.0,investing-via-fred-events
unemployment,1736515800,4.1,4.2,investing-via-fred-events
cpi,1736947800,2.9,2.9,investing-via-fred-events
ism,1738594800,50.9,48.2,mql5
nfp,1738935000,143.0,169.0,investing-via-fred-events
unemployment,1738935000,4.0,4.1,investing-via-fred-events
cpi,1739367000,3.0,2.9,investing-via-fred-events
ism,1741014000,50.3,48.9,mql5
nfp,1741354200,151.0,159.0,investing-via-fred-events
unemployment,1741354200,4.1,4.0,investing-via-fred-events
cpi,1741782600,2.8,2.9,investing-via-fred-events
ism,1743516000,49.0,51.1,mql5
nfp,1743769800,228.0,137.0,investing-via-fred-events
unemployment,1743769800,4.2,4.1,investing-via-fred-events
cpi,1744288200,2.4,2.5,investing-via-fred-events
ism,1746108000,48.7,48.4,mql5
nfp,1746189000,177.0,138.0,investing-via-fred-events
unemployment,1746189000,4.2,4.2,investing-via-fred-events
cpi,1747139400,2.3,2.4,investing-via-fred-events
ism,1748872800,48.5,47.0,mql5
nfp,1749213000,139.0,126.0,investing-via-fred-events
unemployment,1749213000,4.2,4.2,investing-via-fred-events
cpi,1749645000,2.4,2.5,investing-via-fred-events
ism,1751378400,49.0,47.3,mql5
nfp,1751545800,147.0,111.0,investing-via-fred-events
unemployment,1751545800,4.1,4.3,investing-via-fred-events
cpi,1752582600,2.7,2.6,investing-via-fred-events
nfp,1754051400,73.0,106.0,investing-via-fred-events
unemployment,1754051400,4.2,4.2,investing-via-fred-events
ism,1754056800,48.0,48.9,mql5
cpi,1755001800,2.7,2.8,investing-via-fred-events
ism,1756735200,48.7,46.8,mql5
nfp,1757075400,22.0,75.0,investing-via-fred-events
unemployment,1757075400,4.3,4.3,investing-via-fred-events
cpi,1757593800,2.9,2.9,investing-via-fred-events
cpi,1761309000,3.0,3.1,investing-via-fred-events
ism,1762182000,48.7,50.0,mql5
nfp,1763645400,119.0,53.0,investing-via-fred-events
unemployment,1763645400,4.4,4.3,investing-via-fred-events
ism,1764601200,48.2,49.3,mql5
nfp,1765891800,64.0,51.0,investing-via-fred-events
unemployment,1765891800,4.6,4.5,investing-via-fred-events
cpi,1766064600,2.7,3.1,investing-via-fred-events
ism,1767625200,47.9,48.3,investing
nfp,1767965400,50.0,66.0,investing-via-fred-events
unemployment,1767965400,4.4,4.5,investing-via-fred-events
cpi,1768311000,2.7,2.7,investing-via-fred-events
ism,1770044400,52.6,48.5,investing
nfp,1770816600,130.0,66.0,investing-via-fred-events
unemployment,1770816600,4.3,4.4,investing-via-fred-events
cpi,1770989400,2.4,2.5,investing-via-fred-events
ism,1772463600,52.4,51.7,investing
nfp,1772803800,-92.0,58.0,investing-via-fred-events
unemployment,1772803800,4.4,4.3,investing-via-fred-events
cpi,1773232200,2.4,2.4,investing-via-fred-events
ism,1775052000,52.7,52.3,investing
nfp,1775219400,178.0,65.0,investing-via-fred-events
unemployment,1775219400,4.3,4.4,investing-via-fred-events
cpi,1775824200,3.3,3.4,investing-via-fred-events
ism,1777644000,52.7,53.1,investing
ism,1780322400,54.0,53.3,investing
ism,1782914400,53.3,53.8,investing
nfp,1782995400,57.0,110.0,helious
ism,1785765600,55.6,54.0,investing
nfp,1786105800,-23.0,80.0,helious
ism,1788271200,54.6,55.2,investing
nfp,1788525000,162.0,56.0,helious
ism,1790863200,54.5,54.8,investing
nfp,1790944200,29.0,90.0,helious
